"employeeid","firstname","lastname","departmentid","salary"
1,"John","Doe",1,60000
2,"Jane","Smith",2,65000
3,"Bob","Johnson",3,70000
4,"Alice","Williams",4,72000
5,"Charlie","Brown",5,68000
6,"Emily","Davis",6,75000
7,"Michael","Miller",7,62000
8,"Sarah","Wilson",8,67000
9,"David","Anderson",9,71000
10,"Laura","Thomas",10,73000
11,"Kevin","Martinez",11,64000
12,"Sophia","Hernandez",12,66000
13,"Daniel","Lopez",13,69000
14,"Mia","Gonzalez",14,70000
15,"James","Lewis",15,74000
16,"Olivia","Robinson",16,76000
17,"William","Clark",17,63000
18,"Isabella","Rodriguez",18,68000
19,"Ethan","Lewis",19,72000
20,"Ava","Lee",20,70000
21,"Matthew","Walker",1,60000
22,"Sofia","Hall",2,65000
23,"Jackson","Young",3,70000
24,"Emma","Allen",4,72000
25,"Aiden","King",5,68000
26,"Liam","Wright",6,75000
27,"Zoe","Scott",7,62000
28,"Lucas","Green",8,67000
29,"Ella","Adams",9,71000
30,"Mason","Baker",10,73000
31,"Amelia","Nelson",11,64000
32,"Logan","Carter",12,66000
33,"Avery","Mitchell",13,69000
34,"Jacob","Perez",14,70000
35,"Scarlett","Roberts",15,74000
36,"Alexander","Turner",16,76000
37,"Madison","Phillips",17,63000
38,"Henry","Campbell",18,68000
39,"Abigail","Parker",19,72000
40,"Sebastian","Evans",20,70000
41,"Michael","Edwards",1,71000
42,"Emily","Collins",2,68000
43,"Daniel","Stewart",3,67000
44,"Grace","Sanchez",4,72000
45,"Samuel","Morris",5,65000
46,"Ella","Rogers",6,69000
47,"Benjamin","Reed",7,74000
48,"Chloe","Cook",8,76000
49,"David","Morgan",9,71000
50,"Zoe","Bell",10,68000
51,"Oliver","Murphy",11,67000
52,"Ava","Bailey",12,72000
53,"Ethan","Rivera",13,65000
54,"Sophia","Cooper",14,69000
55,"William","Richardson",15,74000
56,"Charlotte","Cox",16,76000
57,"Lucas","Howard",17,71000
58,"Mia","Ward",18,68000
59,"James","Torres",19,67000
60,"Amelia","Peterson",20,72000
61,"Henry","Gray",1,65000
62,"Isabella","Ramirez",2,69000
63,"Mason","James",3,74000
64,"Harper","Watson",4,76000
65,"Alexander","Brooks",5,71000
66,"Ella","Kelly",6,68000
67,"Michael","Sanders",7,67000
68,"Emily","Price",8,72000
69,"Daniel","Bennett",9,65000
70,"Grace","Wood",10,69000
71,"Samuel","Barnes",11,74000
72,"Chloe","Ross",12,76000
73,"Benjamin","Henderson",13,71000
124,"Jane","Smith",15,42000
125,"Bob","Johnson",2,42001
126,"Alice","Williams",20,42002
127,"Charlie","Brown",2,42003
128,"Eve","Davis",19,42004
129,"Frank","Miller",3,42005
130,"Grace","Wilson",6,42006
131,"Hank","Moore",8,42007
132,"Ivy","Taylor",4,42008
133,"Jack","Anderson",2,42009
134,"Kathy","Thomas",18,42010
135,"Larry","Jackson",10,42011
136,"Mona","White",18,42012
137,"Nancy","Harris",3,42013
138,"Oscar","Martin",15,42014
139,"Paul","Thompson",20,42015
140,"Quincy","Garcia",2,42016
141,"Rita","Martinez",12,42017
142,"Steve","Robinson",10,42018
143,"Tracy","Clark",18,42019
144,"Uma","Lewis",10,42020
145,"Victor","Lee",15,42021
146,"Wendy","Walker",13,42022
147,"Xavier","Hall",3,42023
148,"Yolanda","Allen",17,42024
149,"Zachary","Young",16,42025
150,"Amy","Hernandez",13,42026
151,"Brian","King",3,42027
152,"Carol","Wright",13,42028
153,"Daniel","Lopez",19,42029
154,"Erica","Hill",16,42030
155,"George","Scott",9,42031
156,"Heather","Green",5,42032
157,"Ian","Adams",14,42033
158,"Jenna","Baker",4,42034
159,"Kevin","Gonzalez",7,42035
160,"Laura","Nelson",4,42036
161,"Michael","Carter",3,42037
162,"Natalie","Mitchell",13,42038
163,"Oliver","Perez",13,42039
164,"Patricia","Roberts",8,42040
165,"Robert","Turner",8,42041
166,"Samantha","Phillips",3,42042
167,"Thomas","Campbell",2,42043
168,"Ulysses","Parker",13,42044
169,"Vanessa","Evans",16,42045
170,"William","Edwards",14,42046
171,"Xander","Collins",5,42047
172,"Yasmine","Stewart",4,42048
173,"Zach","Lopez",3,42049
174,"Amanda","Hernandez",10,42050
175,"Ben","King",16,42051
176,"Cindy","Wright",3,42052
177,"David","Lopez",3,42053
178,"Emma","Hill",5,42054
179,"Frank","Scott",17,42055
180,"Gina","Green",16,42056
181,"Harry","Adams",8,42057
182,"Isabel","Baker",11,42058
183,"John","Gonzalez",10,42059
184,"Karen","Nelson",19,42060
185,"Leo","Carter",11,42061
186,"Molly","Mitchell",7,42062
187,"Noah","Perez",4,42063
188,"Olivia","Roberts",18,42064
189,"Peter","Turner",6,42065
190,"Quinn","Phillips",13,42066
191,"Rachel","Campbell",18,42067
192,"Sean","Parker",18,42068
193,"Tina","Evans",16,42069
194,"Ursula","Edwards",4,42070
195,"Victor","Collins",13,42071
196,"Wanda","Stewart",20,42072
197,"Xavier","Lopez",19,42073
198,"Yara","Hernandez",6,42074
199,"Zane","King",12,42075
200,"John","Alaska",12,42076
